TrialNames,Indiv,Trial,Slope,Int,Position,Condition,Species
Bspot2018_006_GoPro_T19_1461-213_000000,Bspot2018_006,T19_,0.091168831,-0.057402597,nose,Regen,Bspot
Bspot2018_006_GoPro_T20_1998-278_000001,Bspot2018_006,T20_,0.163036723,-0.081798493,nose,Regen,Bspot
Bspot2018_006_GoPro_T22_1441-431_000000,Bspot2018_006,T22_,0.08724158,0.077039295,nose,Regen,Bspot
Bspot2018_006_GoPro_T23_1665-757_000000,Bspot2018_006,T23_,0.173657848,-0.020148148,nose,Regen,Bspot
Bspot2018_006_GoPro_T50_4563-1792,Bspot2018_006,T50_,0.334123864,0.415958351,nose,Regen,Bspot
Bspot2018_006_GoPro_T52_2284-593,Bspot2018_006,T52_,0.413018018,-0.120563063,nose,Regen,Bspot
Bspot2018_006_GoPro_T55_1395-320,Bspot2018_006,T55_,0.257506127,-0.226102941,nose,Regen,Bspot
Bspot2018_006_GoPro_T56_1084-387,Bspot2018_006,T56_,0.22168703,-0.125822368,nose,Regen,Bspot
Bspot2018_006_GoPro_T57_1752-751_1,Bspot2018_006,T57_,0.169855237,-0.077850317,nose,Regen,Bspot
Bspot2018_006_GoPro_T59_3303-251,Bspot2018_006,T59_,0.41316,0.393684444,nose,Regen,Bspot
Bspot2018_006_GoPro_T63_1572-368,Bspot2018_006,T63_,0.142028986,-0.122584541,nose,Regen,Bspot
Bspot2018_006_GoPro_T64_1724-788,Bspot2018_006,T64_,0.103194976,-0.036633716,nose,Regen,Bspot
Bspot2018_006_GoPro_T74_1388-902_000000,Bspot2018_006,T74_,0.125940476,-0.038035714,nose,Regen,Bspot
Bspot2018_006_GoPro_T75_1395-615_000000,Bspot2018_006,T75_,0.12974359,0.028644689,nose,Regen,Bspot
Bspot2018_006_GoPro_T76_1904-473_000000,Bspot2018_006,T76_,0.263923766,-0.068719773,nose,Regen,Bspot
Bspot2018_006_GoPro_T77_2382-908_000000,Bspot2018_006,T77_,0.20869349,-0.111255274,nose,Regen,Bspot
Bspot2018_006_GoPro_T80_4421-3847_000000,Bspot2018_006,T80_,0.2708503,1.738397631,nose,Regen,Bspot
Bspot2018_006_GoPro_T85a_3770-2520,Bspot2018_006,T85a,0.296577189,-0.232441625,nose,Regen,Bspot
Bspot2018_006_GoPro_T85b_1158-329,Bspot2018_006,T85b,0.282412791,-0.216375969,nose,Regen,Bspot
Bspot2018_006_GoPro_T87_1829-729,Bspot2018_006,T87_,0.161807181,-0.15130088,nose,Regen,Bspot
Bspot2018_006_GoPro_T88a_4227-2994,Bspot2018_006,T88a,0.158050052,0.041411192,nose,Regen,Bspot
Bspot2018_006_GoPro_T88b_2132-901,Bspot2018_006,T88b,0.144357743,-0.050420168,nose,Regen,Bspot
Bspot2018_009_GoPro_T19_1500-394_000000,Bspot2018_009,T19_,0.06545,0.1105,nose,Regen,Bspot
Bspot2018_009_GoPro_T21_1026-0_000000,Bspot2018_009,T21_,0.117318376,-0.009284188,nose,Regen,Bspot
Bspot2018_009_GoPro_T53_1410-352,Bspot2018_009,T53_,0.20777871,0.587927273,nose,Regen,Bspot
Bspot2018_009_GoPro_T54_2078-959,Bspot2018_009,T54_,0.222573049,0.366309432,nose,Regen,Bspot
Bspot2018_009_GoPro_T56_2412-1119,Bspot2018_009,T56_,0.23189415,1.138579387,nose,Regen,Bspot
Bspot2018_009_GoPro_T62_2415-618,Bspot2018_009,T62_,0.241729997,0.101939931,nose,Regen,Bspot
Bspot2018_009_GoPro_T63_1869-535,Bspot2018_009,T63_,0.212092664,0.299387387,nose,Regen,Bspot
Bspot2018_009_GoPro_T64_1404-772,Bspot2018_009,T64_,0.363641158,-0.419356356,nose,Regen,Bspot
Bspot2018_009_GoPro_T65_1300-618,Bspot2018_009,T65_,0.102408854,-0.071940104,nose,Regen,Bspot
Bspot2018_009_GoPro_T75_1763-1115_000000,Bspot2018_009,T75_,0.227805695,0.246789503,nose,Regen,Bspot
Bspot2018_009_GoPro_T76_1941-816_000000,Bspot2018_009,T76_,0.190193237,0.035696091,nose,Regen,Bspot
Bspot2018_009_GoPro_T77_1441-523_000000,Bspot2018_009,T77_,0.156195175,0.016885965,nose,Regen,Bspot
Bspot2018_009_GoPro_T78_1316-1016_000000,Bspot2018_009,T78_,0.074720982,-0.000564236,nose,Regen,Bspot
Bspot2018_009_GoPro_T79-1691-520_000000,Bspot2018_009,T79-,0.155778442,-0.195357329,nose,Regen,Bspot
Bspot2018_009_GoPro_T80b_1441-533_000000,Bspot2018_009,T80b,0.167655678,-0.105311355,nose,Regen,Bspot
Bspot2018_009_GoPro_T81_1480-171_000000,Bspot2018_009,T81_,0.147737356,-0.090439219,nose,Regen,Bspot
Bspot2018_009_GoPro_T83_1290-184_000000,Bspot2018_009,T83_,0.135913716,0.017369421,nose,Regen,Bspot
Bspot2018_009_GoPro_T90a-4987-4171,Bspot2018_009,T90a,0.0253125,0.5146875,nose,Regen,Bspot
Bspot2018_009_GoPro_T91b_3974-3566,Bspot2018_009,T91b,0.089613527,-0.08115942,nose,Regen,Bspot
Bspot2018_009_GoPro_T91d_1684-559,Bspot2018_009,T91d,0.197971293,-0.081464738,nose,Regen,Bspot
Bspot2018_010_GoPro_T14_1625-773_000000,Bspot2018_010,T14_,0.098711806,-0.018703096,nose,Regen,Bspot
Bspot2018_010_GoPro_T15_2615-1015_000000,Bspot2018_010,T15_,0.111358025,-0.082674897,nose,Regen,Bspot
Bspot2018_010_GoPro_T17_1619-136_000000,Bspot2018_010,T17_,0.099450758,0.11967803,nose,Regen,Bspot
Bspot2018_010_GoPro_T22_1524-532_000000,Bspot2018_010,T22_,0.110743243,-0.058727477,nose,Regen,Bspot
Bspot2018_010_GoPro_T59_1541-224,Bspot2018_010,T59_,0.130823905,-0.183611064,nose,Regen,Bspot
Bspot2018_010_GoPro_T60_1672-480,Bspot2018_010,T60_,0.176631254,-0.128911744,nose,Regen,Bspot
Bspot2018_010_GoPro_T64_1033-361,Bspot2018_010,T64_,0.109074074,-0.073042758,nose,Regen,Bspot
Bspot2018_010_GoPro_T66_1020-355,Bspot2018_010,T66_,0.108706643,-0.016310014,nose,Regen,Bspot
Bspot2018_010_GoPro_T71_763-370,Bspot2018_010,T71_,0.083871494,0.003620352,nose,Regen,Bspot
Bspot2018_010_GoPro_T74_1063-337_000000,Bspot2018_010,T74_,0.092939815,0.040555556,nose,Regen,Bspot
Bspot2018_010_GoPro_T75_1634-410_000000,Bspot2018_010,T75_,0.338504321,-0.148189005,nose,Regen,Bspot
Bspot2018_010_GoPro_T76_1523-918_000000,Bspot2018_010,T76_,0.134539337,0.305531401,nose,Regen,Bspot
Bspot2018_010_GoPro_T79b_1092-0_000000,Bspot2018_010,T79b,0.09660582,-0.047438272,nose,Regen,Bspot
Bspot2018_010_GoPro_T84_1263-513_000000,Bspot2018_010,T84_,0.170464135,-0.151898734,nose,Regen,Bspot
Bspot2018_010_GoPro_T85_1509-975_000000,Bspot2018_010,T85_,0.180946517,0.215341309,nose,Regen,Bspot
Bspot2018_010_GoPro_T88_2565-1788_000000,Bspot2018_010,T88_,0.112439614,-0.088768116,nose,Regen,Bspot
Bspot2018_010_GoPro_T90f_1250_617,Bspot2018_010,T90f,0.101074561,-0.05122076,nose,Regen,Bspot
Bspot2019_006_GoPro_T83_1625-701_000000,Bspot2019_006,T83_,0.195228758,-0.029452614,nose,Regen,Bspot
Bspot2019_006_GoPro_T84_1627-556_000000,Bspot2019_006,T84_,0.148084604,0.091666667,nose,Regen,Bspot
Bspot2019_009_GoPro_T85_1491-755_000000,Bspot2019_009,T85_,0.176542208,-0.194196429,nose,Regen,Bspot
Bspot2019_009_GoPro_T86_1411-375_000000,Bspot2019_009,T86_,0.208270872,0.051877551,nose,Regen,Bspot
Bspot2019_009_GoPro_T87_1700-568_000000,Bspot2019_009,T87_,0.289953184,0.150842697,nose,Regen,Bspot
Bspot2019_009_GoPro_T88_2286-633_000000,Bspot2019_009,T88_,0.213146853,-0.028531469,nose,Regen,Bspot
Bspot2018_006_GoPro_T19_1461-213_000000,Bspot2018_006,T19_,0.064859307,0.014303752,pect,Regen,Bspot
Bspot2018_006_GoPro_T20_1998-278_000001,Bspot2018_006,T20_,0.173361582,-0.110932203,pect,Regen,Bspot
Bspot2018_006_GoPro_T22_1441-431_000000,Bspot2018_006,T22_,0.081638357,0.087964576,pect,Regen,Bspot
Bspot2018_006_GoPro_T23_1665-757_000000,Bspot2018_006,T23_,0.242617284,-0.109975309,pect,Regen,Bspot
Bspot2018_006_GoPro_T50_4563-1792,Bspot2018_006,T50_,0.24178863,-0.132432666,pect,Regen,Bspot
Bspot2018_006_GoPro_T52_2284-593,Bspot2018_006,T52_,0.300658886,-0.217252252,pect,Regen,Bspot
Bspot2018_006_GoPro_T55_1395-320,Bspot2018_006,T55_,0.17540107,-0.147385621,pect,Regen,Bspot
Bspot2018_006_GoPro_T56_1084-387,Bspot2018_006,T56_,0.226719925,-0.125263158,pect,Regen,Bspot
Bspot2018_006_GoPro_T57_1752-751_1,Bspot2018_006,T57_,0.152127921,0.055621156,pect,Regen,Bspot
Bspot2018_006_GoPro_T59_3303-251,Bspot2018_006,T59_,0.378312667,-0.684426667,pect,Regen,Bspot
Bspot2018_006_GoPro_T63_1572-368,Bspot2018_006,T63_,0.156400966,-0.139492754,pect,Regen,Bspot
Bspot2018_006_GoPro_T64_1724-788,Bspot2018_006,T64_,0.114405293,0.016815476,pect,Regen,Bspot
Bspot2018_006_GoPro_T74_1388-902_000000,Bspot2018_006,T74_,0.094908163,-0.102555556,pect,Regen,Bspot
Bspot2018_006_GoPro_T75_1395-615_000000,Bspot2018_006,T75_,0.139010989,0.275213675,pect,Regen,Bspot
Bspot2018_006_GoPro_T76_1904-473_000000,Bspot2018_006,T76_,0.245299712,0.095610119,pect,Regen,Bspot
Bspot2018_006_GoPro_T77_2382-908_000000,Bspot2018_006,T77_,0.14795434,0.011980108,pect,Regen,Bspot
Bspot2018_006_GoPro_T80_4421-3847_000000,Bspot2018_006,T80_,0.211484961,0.658284911,pect,Regen,Bspot
Bspot2018_006_GoPro_T85a_3770-2520,Bspot2018_006,T85a,0.412419562,-0.233397683,pect,Regen,Bspot
Bspot2018_006_GoPro_T85b_1158-329,Bspot2018_006,T85b,0.148372093,-0.089360465,pect,Regen,Bspot
Bspot2018_006_GoPro_T87_1829-729,Bspot2018_006,T87_,0.171878438,0.158219884,pect,Regen,Bspot
Bspot2018_006_GoPro_T88a_4227-2994,Bspot2018_006,T88a,0.158289885,-0.134306569,pect,Regen,Bspot
Bspot2018_006_GoPro_T88b_2132-901,Bspot2018_006,T88b,0.129351741,-0.054021609,pect,Regen,Bspot
Bspot2018_009_GoPro_T19_1500-394_000000,Bspot2018_009,T19_,0.068,0.102,pect,Regen,Bspot
Bspot2018_009_GoPro_T21_1026-0_000000,Bspot2018_009,T21_,0.194123932,0.036574074,pect,Regen,Bspot
Bspot2018_009_GoPro_T53_1410-352,Bspot2018_009,T53_,0.207970696,0.310441026,pect,Regen,Bspot
Bspot2018_009_GoPro_T54_2078-959,Bspot2018_009,T54_,0.154837953,0.057891935,pect,Regen,Bspot
Bspot2018_009_GoPro_T56_2412-1119,Bspot2018_009,T56_,0.250596896,0.935336251,pect,Regen,Bspot
Bspot2018_009_GoPro_T62_2415-618,Bspot2018_009,T62_,0.2971617,-0.260937032,pect,Regen,Bspot
Bspot2018_009_GoPro_T63_1869-535,Bspot2018_009,T63_,0.167313677,-0.099981982,pect,Regen,Bspot
Bspot2018_009_GoPro_T64_1404-772,Bspot2018_009,T64_,0.304901421,-0.316415895,pect,Regen,Bspot
Bspot2018_009_GoPro_T65_1300-618,Bspot2018_009,T65_,0.112565104,-0.008463542,pect,Regen,Bspot
Bspot2018_009_GoPro_T75_1763-1115_000000,Bspot2018_009,T75_,0.199110633,0.051447715,pect,Regen,Bspot
Bspot2018_009_GoPro_T76_1941-816_000000,Bspot2018_009,T76_,0.226307642,-0.012317011,pect,Regen,Bspot
Bspot2018_009_GoPro_T77_1441-523_000000,Bspot2018_009,T77_,0.156195175,0.002814327,pect,Regen,Bspot
Bspot2018_009_GoPro_T78_1316-1016_000000,Bspot2018_009,T78_,0.074237351,0.018055556,pect,Regen,Bspot
Bspot2018_009_GoPro_T79-1691-520_000000,Bspot2018_009,T79-,0.147542598,-0.172015934,pect,Regen,Bspot
Bspot2018_009_GoPro_T80b_1441-533_000000,Bspot2018_009,T80b,0.105913134,-0.025274725,pect,Regen,Bspot
Bspot2018_009_GoPro_T81_1480-171_000000,Bspot2018_009,T81_,0.169798137,-0.1875,pect,Regen,Bspot
Bspot2018_009_GoPro_T83_1290-184_000000,Bspot2018_009,T83_,0.109679487,-0.047859291,pect,Regen,Bspot
Bspot2018_009_GoPro_T90a-4987-4171,Bspot2018_009,T90a,0.0675,0.4246875,pect,Regen,Bspot
Bspot2018_009_GoPro_T91b_3974-3566,Bspot2018_009,T91b,0.115821256,-0.100603865,pect,Regen,Bspot
Bspot2018_009_GoPro_T91d_1684-559,Bspot2018_009,T91d,0.163129144,-0.002396022,pect,Regen,Bspot
Bspot2018_010_GoPro_T14_1625-773_000000,Bspot2018_010,T14_,0.118492026,-0.037982724,pect,Regen,Bspot
Bspot2018_010_GoPro_T15_2615-1015_000000,Bspot2018_010,T15_,0.078938859,-0.034648736,pect,Regen,Bspot
Bspot2018_010_GoPro_T17_1619-136_000000,Bspot2018_010,T17_,0.091203328,0.04454816,pect,Regen,Bspot
Bspot2018_010_GoPro_T22_1524-532_000000,Bspot2018_010,T22_,0.134285081,-0.05649024,pect,Regen,Bspot
Bspot2018_010_GoPro_T59_1541-224,Bspot2018_010,T59_,0.130648923,0.156540202,pect,Regen,Bspot
Bspot2018_010_GoPro_T60_1672-480,Bspot2018_010,T60_,0.166622193,0.066477238,pect,Regen,Bspot
Bspot2018_010_GoPro_T64_1033-361,Bspot2018_010,T64_,0.068482683,0.029449954,pect,Regen,Bspot
Bspot2018_010_GoPro_T66_1020-355,Bspot2018_010,T66_,0.078336273,0.053429355,pect,Regen,Bspot
Bspot2018_010_GoPro_T71_763-370,Bspot2018_010,T71_,0.117420091,-0.095456621,pect,Regen,Bspot
Bspot2018_010_GoPro_T74_1063-337_000000,Bspot2018_010,T74_,0.152928241,-0.063368056,pect,Regen,Bspot
Bspot2018_010_GoPro_T75_1634-410_000000,Bspot2018_010,T75_,0.405368634,-0.325697126,pect,Regen,Bspot
Bspot2018_010_GoPro_T76_1523-918_000000,Bspot2018_010,T76_,0.163377761,-0.004796411,pect,Regen,Bspot
Bspot2018_010_GoPro_T79b_1092-0_000000,Bspot2018_010,T79b,0.085028345,-0.066099773,pect,Regen,Bspot
Bspot2018_010_GoPro_T84_1263-513_000000,Bspot2018_010,T84_,0.139240506,-0.176371308,pect,Regen,Bspot
Bspot2018_010_GoPro_T85_1509-975_000000,Bspot2018_010,T85_,0.120311987,0.465708812,pect,Regen,Bspot
Bspot2018_010_GoPro_T88_2565-1788_000000,Bspot2018_010,T88_,0.138647343,-0.059178744,pect,Regen,Bspot
Bspot2018_010_GoPro_T90f_1250_617,Bspot2018_010,T90f,0.089254386,-0.021710526,pect,Regen,Bspot
Bspot2019_006_GoPro_T83_1625-701_000000,Bspot2019_006,T83_,0.150268441,-0.075735294,pect,Regen,Bspot
Bspot2019_006_GoPro_T84_1627-556_000000,Bspot2019_006,T84_,0.19795207,0.238213508,pect,Regen,Bspot
Bspot2019_009_GoPro_T85_1491-755_000000,Bspot2019_009,T85_,0.120572643,0.003138951,pect,Regen,Bspot
Bspot2019_009_GoPro_T86_1411-375_000000,Bspot2019_009,T86_,0.179593692,-0.038489796,pect,Regen,Bspot
Bspot2019_009_GoPro_T87_1700-568_000000,Bspot2019_009,T87_,0.21748484,-0.094575976,pect,Regen,Bspot
Bspot2019_009_GoPro_T88_2286-633_000000,Bspot2019_009,T88_,0.144455544,-0.115084915,pect,Regen,Bspot
Bspot2018_006_GoPro_T19_1461-213_000000,Bspot2018_006,T19_,0.076677489,0.05275974,pelv,Regen,Bspot
Bspot2018_006_GoPro_T20_1998-278_000001,Bspot2018_006,T20_,0.114433851,0.009571171,pelv,Regen,Bspot
Bspot2018_006_GoPro_T22_1441-431_000000,Bspot2018_006,T22_,0.088567073,0.016869919,pelv,Regen,Bspot
Bspot2018_006_GoPro_T23_1665-757_000000,Bspot2018_006,T23_,0.146114051,-0.120229277,pelv,Regen,Bspot
Bspot2018_006_GoPro_T50_4563-1792,Bspot2018_006,T50_,0.264561223,-0.334222525,pelv,Regen,Bspot
Bspot2018_006_GoPro_T52_2284-593,Bspot2018_006,T52_,0.233550762,-0.277350139,pelv,Regen,Bspot
Bspot2018_006_GoPro_T55_1395-320,Bspot2018_006,T55_,0.264085843,-0.295489029,pelv,Regen,Bspot
Bspot2018_006_GoPro_T56_1084-387,Bspot2018_006,T56_,0.217253289,0.010904605,pelv,Regen,Bspot
Bspot2018_006_GoPro_T57_1752-751_1,Bspot2018_006,T57_,0.229733497,-0.066912669,pelv,Regen,Bspot
Bspot2018_006_GoPro_T59_3303-251,Bspot2018_006,T59_,0.36193348,-0.43705348,pelv,Regen,Bspot
Bspot2018_006_GoPro_T63_1572-368,Bspot2018_006,T63_,0.13442029,-0.06763285,pelv,Regen,Bspot
Bspot2018_006_GoPro_T64_1724-788,Bspot2018_006,T64_,0.104596266,-0.005104698,pelv,Regen,Bspot
Bspot2018_006_GoPro_T74_1388-902_000000,Bspot2018_006,T74_,0.085006803,0.068746032,pelv,Regen,Bspot
Bspot2018_006_GoPro_T75_1395-615_000000,Bspot2018_006,T75_,0.193772894,-0.058974359,pelv,Regen,Bspot
Bspot2018_006_GoPro_T76_1904-473_000000,Bspot2018_006,T76_,0.170949054,-0.203677133,pelv,Regen,Bspot
Bspot2018_006_GoPro_T77_2382-908_000000,Bspot2018_006,T77_,0.271708861,-0.008386076,pelv,Regen,Bspot
Bspot2018_006_GoPro_T80_4421-3847_000000,Bspot2018_006,T80_,0.1889424,0.258335025,pelv,Regen,Bspot
Bspot2018_006_GoPro_T85a_3770-2520,Bspot2018_006,T85a,0.273074095,0.106361464,pelv,Regen,Bspot
Bspot2018_006_GoPro_T85b_1158-329,Bspot2018_006,T85b,0.058756166,0.143875969,pelv,Regen,Bspot
Bspot2018_006_GoPro_T87_1829-729,Bspot2018_006,T87_,0.183822195,0.062576779,pelv,Regen,Bspot
Bspot2018_006_GoPro_T88a_4227-2994,Bspot2018_006,T88a,0.177476538,-0.005596107,pelv,Regen,Bspot
Bspot2018_006_GoPro_T88b_2132-901,Bspot2018_006,T88b,0.118747499,0.050720288,pelv,Regen,Bspot
Bspot2018_009_GoPro_T19_1500-394_000000,Bspot2018_009,T19_,0.052942857,0.098033333,pelv,Regen,Bspot
Bspot2018_009_GoPro_T21_1026-0_000000,Bspot2018_009,T21_,0.089526099,0.002411477,pelv,Regen,Bspot
Bspot2018_009_GoPro_T53_1410-352,Bspot2018_009,T53_,0.149925742,-0.224343936,pelv,Regen,Bspot
Bspot2018_009_GoPro_T54_2078-959,Bspot2018_009,T54_,0.26450335,0.167542017,pelv,Regen,Bspot
Bspot2018_009_GoPro_T56_2412-1119,Bspot2018_009,T56_,0.376760844,0.728690808,pelv,Regen,Bspot
Bspot2018_009_GoPro_T62_2415-618,Bspot2018_009,T62_,0.2724703,-0.50212963,pelv,Regen,Bspot
Bspot2018_009_GoPro_T63_1869-535,Bspot2018_009,T63_,0.180972973,-0.063303303,pelv,Regen,Bspot
Bspot2018_009_GoPro_T64_1404-772,Bspot2018_009,T64_,0.396075363,-0.122374453,pelv,Regen,Bspot
Bspot2018_009_GoPro_T65_1300-618,Bspot2018_009,T65_,0.088867188,0.046549479,pelv,Regen,Bspot
Bspot2018_009_GoPro_T75_1763-1115_000000,Bspot2018_009,T75_,0.111749222,-0.169817341,pelv,Regen,Bspot
Bspot2018_009_GoPro_T76_1941-816_000000,Bspot2018_009,T76_,0.302380952,0.034660267,pelv,Regen,Bspot
Bspot2018_009_GoPro_T77_1441-523_000000,Bspot2018_009,T77_,0.198410088,-0.109758772,pelv,Regen,Bspot
Bspot2018_009_GoPro_T78_1316-1016_000000,Bspot2018_009,T78_,0.07859003,-0.076171875,pelv,Regen,Bspot
Bspot2018_009_GoPro_T79-1691-520_000000,Bspot2018_009,T79-,0.096262734,0.054113159,pelv,Regen,Bspot
Bspot2018_009_GoPro_T80b_1441-533_000000,Bspot2018_009,T80b,0.11096808,-0.033137973,pelv,Regen,Bspot
Bspot2018_009_GoPro_T81_1480-171_000000,Bspot2018_009,T81_,0.145621118,-0.144875776,pelv,Regen,Bspot
Bspot2018_009_GoPro_T83_1290-184_000000,Bspot2018_009,T83_,0.141196581,-0.090769231,pelv,Regen,Bspot
Bspot2018_009_GoPro_T90a-4987-4171,Bspot2018_009,T90a,0.12571875,0.03965625,pelv,Regen,Bspot
Bspot2018_009_GoPro_T91b_3974-3566,Bspot2018_009,T91b,0.114975845,-0.02705314,pelv,Regen,Bspot
Bspot2018_009_GoPro_T91d_1684-559,Bspot2018_009,T91d,0.113389912,0.163808017,pelv,Regen,Bspot
Bspot2018_010_GoPro_T14_1625-773_000000,Bspot2018_010,T14_,0.153607724,-0.138058943,pelv,Regen,Bspot
Bspot2018_010_GoPro_T15_2615-1015_000000,Bspot2018_010,T15_,0.06861454,-0.009373571,pelv,Regen,Bspot
Bspot2018_010_GoPro_T17_1619-136_000000,Bspot2018_010,T17_,0.067500861,0.000306474,pelv,Regen,Bspot
Bspot2018_010_GoPro_T22_1524-532_000000,Bspot2018_010,T22_,0.120391329,-0.002563501,pelv,Regen,Bspot
Bspot2018_010_GoPro_T59_1541-224,Bspot2018_010,T59_,0.221597332,-0.331991642,pelv,Regen,Bspot
Bspot2018_010_GoPro_T60_1672-480,Bspot2018_010,T60_,0.285913278,-0.210516453,pelv,Regen,Bspot
Bspot2018_010_GoPro_T64_1033-361,Bspot2018_010,T64_,0.106133695,0.068608853,pelv,Regen,Bspot
Bspot2018_010_GoPro_T66_1020-355,Bspot2018_010,T66_,0.103765432,0.053148148,pelv,Regen,Bspot
Bspot2018_010_GoPro_T71_763-370,Bspot2018_010,T71_,0.089784736,0.029284627,pelv,Regen,Bspot
Bspot2018_010_GoPro_T74_1063-337_000000,Bspot2018_010,T74_,0.105613426,-0.102233796,pelv,Regen,Bspot
Bspot2018_010_GoPro_T75_1634-410_000000,Bspot2018_010,T75_,0.333186247,0.381467181,pelv,Regen,Bspot
Bspot2018_010_GoPro_T76_1523-918_000000,Bspot2018_010,T76_,0.146770186,0.174589372,pelv,Regen,Bspot
Bspot2018_010_GoPro_T79b_1092-0_000000,Bspot2018_010,T79b,0.149986395,-0.090296296,pelv,Regen,Bspot
Bspot2018_010_GoPro_T84_1263-513_000000,Bspot2018_010,T84_,0.098854732,-0.103676914,pelv,Regen,Bspot
Bspot2018_010_GoPro_T85_1509-975_000000,Bspot2018_010,T85_,0.158216045,0.51323012,pelv,Regen,Bspot
Bspot2018_010_GoPro_T88_2565-1788_000000,Bspot2018_010,T88_,0.113285024,-0.020289855,pelv,Regen,Bspot
Bspot2018_010_GoPro_T90f_1250_617,Bspot2018_010,T90f,0.109276316,-0.082741228,pelv,Regen,Bspot
Bspot2019_006_GoPro_T83_1625-701_000000,Bspot2019_006,T83_,0.141372549,0.025245098,pelv,Regen,Bspot
Bspot2019_006_GoPro_T84_1627-556_000000,Bspot2019_006,T84_,0.170152505,0.118627451,pelv,Regen,Bspot
Bspot2019_009_GoPro_T85_1491-755_000000,Bspot2019_009,T85_,0.11386918,0.073979592,pelv,Regen,Bspot
Bspot2019_009_GoPro_T86_1411-375_000000,Bspot2019_009,T86_,0.152359273,-0.053146445,pelv,Regen,Bspot
Bspot2019_009_GoPro_T87_1700-568_000000,Bspot2019_009,T87_,0.246615837,-0.234644195,pelv,Regen,Bspot
Bspot2019_009_GoPro_T88_2286-633_000000,Bspot2019_009,T88_,0.128371628,-0.077322677,pelv,Regen,Bspot
Bspot2018_006_GoPro_T19_1461-213_000000,Bspot2018_006,T19_,0.118181818,0.046428571,tail,Regen,Bspot
Bspot2018_006_GoPro_T20_1998-278_000001,Bspot2018_006,T20_,0.148870056,-0.028013183,tail,Regen,Bspot
Bspot2018_006_GoPro_T22_1441-431_000000,Bspot2018_006,T22_,0.096399535,-0.096399535,tail,Regen,Bspot
Bspot2018_006_GoPro_T23_1665-757_000000,Bspot2018_006,T23_,0.177015873,-0.143835391,tail,Regen,Bspot
Bspot2018_006_GoPro_T50_4563-1792,Bspot2018_006,T50_,0.364841465,-0.246541037,tail,Regen,Bspot
Bspot2018_006_GoPro_T52_2284-593,Bspot2018_006,T52_,0.208712751,-0.30788115,tail,Regen,Bspot
Bspot2018_006_GoPro_T55_1395-320,Bspot2018_006,T55_,0.163017429,-0.108864379,tail,Regen,Bspot
Bspot2018_006_GoPro_T56_1084-387,Bspot2018_006,T56_,0.210662594,0.021809211,tail,Regen,Bspot
Bspot2018_006_GoPro_T57_1752-751_1,Bspot2018_006,T57_,0.100607978,0.027641305,tail,Regen,Bspot
Bspot2018_006_GoPro_T59_3303-251,Bspot2018_006,T59_,0.261206737,-0.030750877,tail,Regen,Bspot
Bspot2018_006_GoPro_T63_1572-368,Bspot2018_006,T63_,0.089130435,-0.031561997,tail,Regen,Bspot
Bspot2018_006_GoPro_T64_1724-788,Bspot2018_006,T64_,0.279977679,-0.260639881,tail,Regen,Bspot
Bspot2018_006_GoPro_T74_1388-902_000000,Bspot2018_006,T74_,0.103964286,0.032964286,tail,Regen,Bspot
Bspot2018_006_GoPro_T75_1395-615_000000,Bspot2018_006,T75_,0.155018315,-0.025274725,tail,Regen,Bspot
Bspot2018_006_GoPro_T76_1904-473_000000,Bspot2018_006,T76_,0.242154356,-0.289459635,tail,Regen,Bspot
Bspot2018_006_GoPro_T77_2382-908_000000,Bspot2018_006,T77_,0.204141049,0.104546414,tail,Regen,Bspot
Bspot2018_006_GoPro_T80_4421-3847_000000,Bspot2018_006,T80_,4.529309524,0,tail,Regen,Bspot
Bspot2018_006_GoPro_T85a_3770-2520,Bspot2018_006,T85a,0.214993565,-0.315759916,tail,Regen,Bspot
Bspot2018_006_GoPro_T85b_1158-329,Bspot2018_006,T85b,0.307703488,-0.207945736,tail,Regen,Bspot
Bspot2018_006_GoPro_T87_1829-729,Bspot2018_006,T87_,0.138479785,0.068791254,tail,Regen,Bspot
Bspot2018_006_GoPro_T88a_4227-2994,Bspot2018_006,T88a,0.141601495,-0.035974974,tail,Regen,Bspot
Bspot2018_006_GoPro_T88b_2132-901,Bspot2018_006,T88b,0.093237295,0.135054022,tail,Regen,Bspot
Bspot2018_009_GoPro_T19_1500-394_000000,Bspot2018_009,T19_,0.0935,0.056666667,tail,Regen,Bspot
Bspot2018_009_GoPro_T21_1026-0_000000,Bspot2018_009,T21_,0.085908883,-0.008440171,tail,Regen,Bspot
Bspot2018_009_GoPro_T53_1410-352,Bspot2018_009,T53_,0.291583569,0.356503704,tail,Regen,Bspot
Bspot2018_009_GoPro_T54_2078-959,Bspot2018_009,T54_,0.231452875,0.309997528,tail,Regen,Bspot
Bspot2018_009_GoPro_T56_2412-1119,Bspot2018_009,T56_,0.345961003,-0.197771588,tail,Regen,Bspot
Bspot2018_009_GoPro_T62_2415-618,Bspot2018_009,T62_,0.336172881,0.210182689,tail,Regen,Bspot
Bspot2018_009_GoPro_T63_1869-535,Bspot2018_009,T63_,0.2325,-0.136447876,tail,Regen,Bspot
Bspot2018_009_GoPro_T64_1404-772,Bspot2018_009,T64_,0.271202492,-0.445848209,tail,Regen,Bspot
Bspot2018_009_GoPro_T65_1300-618,Bspot2018_009,T65_,0.093098958,-0.005078125,tail,Regen,Bspot
Bspot2018_009_GoPro_T75_1763-1115_000000,Bspot2018_009,T75_,0.144771476,0.428332137,tail,Regen,Bspot
Bspot2018_009_GoPro_T76_1941-816_000000,Bspot2018_009,T76_,0.223598563,0.161947111,tail,Regen,Bspot
Bspot2018_009_GoPro_T77_1441-523_000000,Bspot2018_009,T77_,0.140997807,-0.084429825,tail,Regen,Bspot
Bspot2018_009_GoPro_T78_1316-1016_000000,Bspot2018_009,T78_,0.0414109,0.072846912,tail,Regen,Bspot
Bspot2018_009_GoPro_T79-1691-520_000000,Bspot2018_009,T79-,0.340758998,-0.133959311,tail,Regen,Bspot
Bspot2018_009_GoPro_T80b_1441-533_000000,Bspot2018_009,T80b,0.1103663,0.010952381,tail,Regen,Bspot
Bspot2018_009_GoPro_T81_1480-171_000000,Bspot2018_009,T81_,0.136041784,-0.024596273,tail,Regen,Bspot
Bspot2018_009_GoPro_T83_1290-184_000000,Bspot2018_009,T83_,0.123366911,-0.09004884,tail,Regen,Bspot
Bspot2018_009_GoPro_T90a-4987-4171,Bspot2018_009,T90a,0.3459375,-0.10125,tail,Regen,Bspot
Bspot2018_009_GoPro_T91b_3974-3566,Bspot2018_009,T91b,0.106521739,0.08031401,tail,Regen,Bspot
Bspot2018_009_GoPro_T91d_1684-559,Bspot2018_009,T91d,0.209352396,-0.109018987,tail,Regen,Bspot
Bspot2018_010_GoPro_T14_1625-773_000000,Bspot2018_010,T14_,0.113871951,0.107164634,tail,Regen,Bspot
Bspot2018_010_GoPro_T15_2615-1015_000000,Bspot2018_010,T15_,0.093099647,-0.03856555,tail,Regen,Bspot
Bspot2018_010_GoPro_T17_1619-136_000000,Bspot2018_010,T17_,0.084681638,0.004515016,tail,Regen,Bspot
Bspot2018_010_GoPro_T22_1524-532_000000,Bspot2018_010,T22_,0.104401145,-0.129785183,tail,Regen,Bspot
Bspot2018_010_GoPro_T59_1541-224,Bspot2018_010,T59_,0.291205183,-0.211321145,tail,Regen,Bspot
Bspot2018_010_GoPro_T60_1672-480,Bspot2018_010,T60_,0.200194189,-0.111623887,tail,Regen,Bspot
Bspot2018_010_GoPro_T64_1033-361,Bspot2018_010,T64_,0.103969779,-0.071129178,tail,Regen,Bspot
Bspot2018_010_GoPro_T66_1020-355,Bspot2018_010,T66_,0.119794239,-0.026995885,tail,Regen,Bspot
Bspot2018_010_GoPro_T71_763-370,Bspot2018_010,T71_,0.084474886,0.019308545,tail,Regen,Bspot
Bspot2018_010_GoPro_T74_1063-337_000000,Bspot2018_010,T74_,0.130115741,0.029571759,tail,Regen,Bspot
Bspot2018_010_GoPro_T75_1634-410_000000,Bspot2018_010,T75_,0.694337194,-0.29000429,tail,Regen,Bspot
Bspot2018_010_GoPro_T76_1523-918_000000,Bspot2018_010,T76_,0.143412698,0.295458937,tail,Regen,Bspot
Bspot2018_010_GoPro_T79b_1092-0_000000,Bspot2018_010,T79b,0.077416856,0.119580499,tail,Regen,Bspot
Bspot2018_010_GoPro_T84_1263-513_000000,Bspot2018_010,T84_,0.166244726,-0.071729958,tail,Regen,Bspot
Bspot2018_010_GoPro_T85_1509-975_000000,Bspot2018_010,T85_,0.144757213,0.508444757,tail,Regen,Bspot
Bspot2018_010_GoPro_T88_2565-1788_000000,Bspot2018_010,T88_,0.114130435,0.046497585,tail,Regen,Bspot
Bspot2018_010_GoPro_T90f_1250_617,Bspot2018_010,T90f,0.130866228,0.021107456,tail,Regen,Bspot
Bspot2019_006_GoPro_T83_1625-701_000000,Bspot2019_006,T83_,0.147864146,-0.103785403,tail,Regen,Bspot
Bspot2019_006_GoPro_T84_1627-556_000000,Bspot2019_006,T84_,0.141893609,0.030522271,tail,Regen,Bspot
Bspot2019_009_GoPro_T85_1491-755_000000,Bspot2019_009,T85_,0.159438776,0.387436224,tail,Regen,Bspot
Bspot2019_009_GoPro_T86_1411-375_000000,Bspot2019_009,T86_,0.276122449,0.054985423,tail,Regen,Bspot
Bspot2019_009_GoPro_T87_1700-568_000000,Bspot2019_009,T87_,0.143061129,0.240330725,tail,Regen,Bspot
Bspot2019_009_GoPro_T88_2286-633_000000,Bspot2019_009,T88_,0.360839161,-0.027972028,tail,Regen,Bspot
Xmuco,Xmuco1,1,0.350772109,-0.112623016,nose,Swimming,Muco
Xmuco,Xmuco1,2,0.293926829,-0.153243902,nose,Swimming,Muco
Xmuco,Xmuco1,3,0.220743405,-0.044484412,nose,Swimming,Muco
Xmuco,Xmuco1,4,0.275798611,-0.200352183,nose,Swimming,Muco
Xmuco,Xmuco1,5,0.263743386,-0.041997354,nose,Swimming,Muco
Xmuco,Xmuco2,1,0.254355082,-0.123990633,nose,Swimming,Muco
Xmuco,Xmuco2,2,0.278614458,0.013930723,nose,Swimming,Muco
Xmuco,Xmuco2,3,0.272344484,-0.095241588,nose,Swimming,Muco
Xmuco,Xmuco2,4,0.222792182,-0.088518773,nose,Swimming,Muco
Xmuco,Xmuco2,5,0.191374663,-0.005083389,nose,Swimming,Muco
Xmuco,Xmuco3,1,0.082905983,-0.025641026,nose,Swimming,Muco
Xmuco,Xmuco3,2,0.156435185,0.008410494,nose,Swimming,Muco
Xmuco,Xmuco3,3,0.291858786,-0.005974591,nose,Swimming,Muco
Xmuco,Xmuco3,4,0.228927203,-0.032966156,nose,Swimming,Muco
Xmuco,Xmuco3,5,0.286099773,-0.092290249,nose,Swimming,Muco
Xmuco,Xmuco4,1,0.235534591,-0.047667715,nose,Swimming,Muco
Xmuco,Xmuco4,2,0.198281718,-0.121958042,nose,Swimming,Muco
Xmuco,Xmuco4,3,0.238527534,-0.215482841,nose,Swimming,Muco
Xmuco,Xmuco4,4,0.261139122,0.08844071,nose,Swimming,Muco
Xmuco,Xmuco4,5,0.300223214,-0.102762971,nose,Swimming,Muco
Xmuco,Xmuco5,1,0.125627451,-0.021078431,nose,Swimming,Muco
Xmuco,Xmuco5,2,0.188304094,-0.119371345,nose,Swimming,Muco
Xmuco,Xmuco5,3,0.195553571,0.042803571,nose,Swimming,Muco
Xmuco,Xmuco5,4,0.307236239,-0.041020642,nose,Swimming,Muco
Xmuco,Xmuco5,5,0.324679818,-0.137399003,nose,Swimming,Muco
Xmuco,Xmuco1,1,0.382312925,-0.091994048,pect,Swimming,Muco
Xmuco,Xmuco1,2,0.218022648,0.014355401,pect,Swimming,Muco
Xmuco,Xmuco1,3,0.208153477,-0.102398082,pect,Swimming,Muco
Xmuco,Xmuco1,4,0.331964286,-0.196999008,pect,Swimming,Muco
Xmuco,Xmuco1,5,0.249464286,-0.176388889,pect,Swimming,Muco
Xmuco,Xmuco2,1,0.253458764,-0.072900517,pect,Swimming,Muco
Xmuco,Xmuco2,2,0.277246714,-0.205060241,pect,Swimming,Muco
Xmuco,Xmuco2,3,0.265017186,0.045098717,pect,Swimming,Muco
Xmuco,Xmuco2,4,0.222792182,-0.027512592,pect,Swimming,Muco
Xmuco,Xmuco2,5,0.223469789,-0.145325135,pect,Swimming,Muco
Xmuco,Xmuco3,1,0.081196581,0.002849003,pect,Swimming,Muco
Xmuco,Xmuco3,2,0.124955908,-0.022427984,pect,Swimming,Muco
Xmuco,Xmuco3,3,0.263877784,-0.031067875,pect,Swimming,Muco
Xmuco,Xmuco3,4,0.194923372,0.005028736,pect,Swimming,Muco
Xmuco,Xmuco3,5,0.216462585,-0.0369161,pect,Swimming,Muco
Xmuco,Xmuco4,1,0.187586478,-0.084119497,pect,Swimming,Muco
Xmuco,Xmuco4,2,0.200679321,-0.077202797,pect,Swimming,Muco
Xmuco,Xmuco4,3,0.246368715,-0.204469274,pect,Swimming,Muco
Xmuco,Xmuco4,4,0.264126984,-0.114733894,pect,Swimming,Muco
Xmuco,Xmuco4,5,0.305301617,-0.052576404,pect,Swimming,Muco
Xmuco,Xmuco5,1,0.163568627,-0.046372549,pect,Swimming,Muco
Xmuco,Xmuco5,2,0.198391813,-0.058845029,pect,Swimming,Muco
Xmuco,Xmuco5,3,0.170554847,-0.149872449,pect,Swimming,Muco
Xmuco,Xmuco5,4,0.311422018,0.013394495,pect,Swimming,Muco
Xmuco,Xmuco5,5,0.332445848,-0.097971463,pect,Swimming,Muco
Xmuco,Xmuco1,1,0.385419218,-0.031779762,pelv,Swimming,Muco
Xmuco,Xmuco1,2,0.220913666,-0.123217189,pelv,Swimming,Muco
Xmuco,Xmuco1,3,0.215707434,-0.042805755,pelv,Swimming,Muco
Xmuco,Xmuco1,4,0.318551587,-0.041914683,pelv,Swimming,Muco
Xmuco,Xmuco1,5,0.244424603,-0.121792328,pelv,Swimming,Muco
Xmuco,Xmuco2,1,0.249295866,-0.254687051,pelv,Swimming,Muco
Xmuco,Xmuco2,2,0.278614458,-0.171626506,pelv,Swimming,Muco
Xmuco,Xmuco2,3,0.257749623,0.129024145,pelv,Swimming,Muco
Xmuco,Xmuco2,4,0.219402949,-0.205447287,pelv,Swimming,Muco
Xmuco,Xmuco2,5,0.221276954,-0.08731469,pelv,Swimming,Muco
Xmuco,Xmuco3,1,0.081196581,0.01994302,pelv,Swimming,Muco
Xmuco,Xmuco3,2,0.133126102,0.002242798,pelv,Swimming,Muco
Xmuco,Xmuco3,3,0.255393864,-0.187734936,pelv,Swimming,Muco
Xmuco,Xmuco3,4,0.155651341,-0.061362548,pelv,Swimming,Muco
Xmuco,Xmuco3,5,0.15281827,-0.085098801,pelv,Swimming,Muco
Xmuco,Xmuco4,1,0.163191824,-0.131226415,pelv,Swimming,Muco
Xmuco,Xmuco4,2,0.201398601,-0.053146853,pelv,Swimming,Muco
Xmuco,Xmuco4,3,0.241580208,-0.134636872,pelv,Swimming,Muco
Xmuco,Xmuco4,4,0.256956116,-0.026293184,pelv,Swimming,Muco
Xmuco,Xmuco4,5,0.308288913,-0.02748312,pelv,Swimming,Muco
Xmuco,Xmuco5,1,0.134901961,0.008431373,pelv,Swimming,Muco
Xmuco,Xmuco5,2,0.19502924,0.004203216,pelv,Swimming,Muco
Xmuco,Xmuco5,3,0.179127551,0.031892857,pelv,Swimming,Muco
Xmuco,Xmuco5,4,0.308551769,-0.22882263,pelv,Swimming,Muco
Xmuco,Xmuco5,5,0.330952381,-0.015532061,pelv,Swimming,Muco
Xmuco,Xmuco1,1,0.383507653,-0.186775794,tail,Swimming,Muco
Xmuco,Xmuco1,2,0.218321719,0.052636469,tail,Swimming,Muco
Xmuco,Xmuco1,3,0.217386091,-0.106594724,tail,Swimming,Muco
Xmuco,Xmuco1,4,0.305977183,-0.119875992,tail,Swimming,Muco
Xmuco,Xmuco1,5,0.233505291,-0.191507937,tail,Swimming,Muco
Xmuco,Xmuco2,1,0.246885767,-0.093515827,tail,Swimming,Muco
Xmuco,Xmuco2,2,0.27283954,0.035662651,tail,Swimming,Muco
Xmuco,Xmuco2,3,0.260835848,0.001194668,tail,Swimming,Muco
Xmuco,Xmuco2,4,0.211727335,-0.041866987,tail,Swimming,Muco
Xmuco,Xmuco2,5,0.221276954,0.039471024,tail,Swimming,Muco
Xmuco,Xmuco3,1,0.081196581,-0.014245014,tail,Swimming,Muco
Xmuco,Xmuco3,2,0.135529101,-0.039809671,tail,Swimming,Muco
Xmuco,Xmuco3,3,0.253023943,-0.029275498,tail,Swimming,Muco
Xmuco,Xmuco3,4,0.157287676,-0.108490315,tail,Swimming,Muco
Xmuco,Xmuco3,5,0.135438937,-0.064723032,tail,Swimming,Muco
Xmuco,Xmuco4,1,0.174968553,-0.058883648,tail,Swimming,Muco
Xmuco,Xmuco4,2,0.198041958,-0.128111888,tail,Swimming,Muco
Xmuco,Xmuco4,3,0.231284916,-0.194972067,tail,Swimming,Muco
Xmuco,Xmuco4,4,0.256358543,-0.114136321,tail,Swimming,Muco
Xmuco,Xmuco4,5,0.293053705,-0.105152807,tail,Swimming,Muco
Xmuco,Xmuco5,1,0.142490196,-0.081784314,tail,Swimming,Muco
Xmuco,Xmuco5,2,0.184100877,-0.047916667,tail,Swimming,Muco
Xmuco,Xmuco5,3,0.161862245,-0.135484694,tail,Swimming,Muco
Xmuco,Xmuco5,4,0.301136959,-0.036834862,tail,Swimming,Muco
Xmuco,Xmuco5,5,0.335731477,-0.18518996,tail,Swimming,Muco
Polyp2017-011_t,Polyp201,-11,0.304144882,-0.27943937,nose,Walking,Polyp
Polyp2017-011_t,Polyp201,-11,0.190298724,-0.121455081,nose,Walking,Polyp
Polyp2017-012_t,Polyp201,-12,0.223828732,-0.124884131,nose,Walking,Polyp
Polyp2017-012_t,Polyp201,-12,0.226545371,-0.000802133,nose,Walking,Polyp
Polyp2017-014_t,Polyp201,-14,0.189020349,-0.080823022,nose,Walking,Polyp
Polyp2017-014_t,Polyp201,-14,0.163671315,-0.054837388,nose,Walking,Polyp
Polyp2017-023_t,Polyp201,-23,0.205653659,-0.012304065,nose,Walking,Polyp
Polyp2017-023_t,Polyp201,-23,0.13467541,-0.130934426,nose,Walking,Polyp
Polyp2017-027_t,Polyp201,-27,0.115637447,-0.045994169,nose,Walking,Polyp
Polyp2017-027_t,Polyp201,-27,0.183836667,-0.287015079,nose,Walking,Polyp
Polyp011_tr04_,Polyp011,tr04,0.19308347,0.183636836,nose,Swimming,Polyp
Polyp011_tr13_,Polyp011,tr13,0.127412338,-0.04492316,nose,Swimming,Polyp
Polyp011_tr14_,Polyp011,tr14,0.280032317,-0.22885347,nose,Swimming,Polyp
Polyp012_tr11_,Polyp012,tr11,0.166747619,-0.045459259,nose,Swimming,Polyp
Polyp012_tr20_,Polyp012,tr20,0.24090837,-0.207687529,nose,Swimming,Polyp
Polyp014_tr01_,Polyp014,tr01,0.112788732,-0.004833803,nose,Swimming,Polyp
Polyp014_tr03_,Polyp014,tr03,0.215261044,-0.139759036,nose,Swimming,Polyp
Polyp014_tr05_,Polyp014,tr05,0.197297982,0.069207332,nose,Swimming,Polyp
Polyp023_tr01_,Polyp023,tr01,0.149717976,-0.092885631,nose,Swimming,Polyp
Polyp023_tr03_,Polyp023,tr03,0.118288854,0.004158032,nose,Swimming,Polyp
Polyp023_tr03_,Polyp023,tr03,0.12904597,-0.155745137,nose,Swimming,Polyp
Polyp023_tr04_,Polyp023,tr04,0.284238739,-0.123878378,nose,Swimming,Polyp
Polyp027_tr02_,Polyp027,tr02,0.271566193,-0.17913438,nose,Swimming,Polyp
Polyp027_tr04_,Polyp027,tr04,0.120430108,-0.105710872,nose,Swimming,Polyp
Polyp027_tr07_,Polyp027,tr07,0.137843786,-0.115324042,nose,Swimming,Polyp
Polyp027_tr20_,Polyp027,tr20,0.161248677,-0.130687831,nose,Swimming,Polyp
Polyp2017-011_t,Polyp201,-11,0.170468031,-0.038994646,pect,Walking,Polyp
Polyp2017-011_t,Polyp201,-11,0.211543814,0.010312224,pect,Walking,Polyp
Polyp2017-012_t,Polyp201,-12,0.232997344,-0.054018404,pect,Walking,Polyp
Polyp2017-012_t,Polyp201,-12,0.1311488,-0.020490861,pect,Walking,Polyp
Polyp2017-014_t,Polyp201,-14,0.097111707,0.003795422,pect,Walking,Polyp
Polyp2017-014_t,Polyp201,-14,0.167679363,-0.155038595,pect,Walking,Polyp
Polyp2017-023_t,Polyp201,-23,0.120110532,-0.048438137,pect,Walking,Polyp
Polyp2017-023_t,Polyp201,-23,0.127503601,-0.058328806,pect,Walking,Polyp
Polyp2017-027_t,Polyp201,-27,0.167652031,-0.100226757,pect,Walking,Polyp
Polyp2017-027_t,Polyp201,-27,0.164724603,0.139553704,pect,Walking,Polyp
Polyp011_tr04_,Polyp011,tr04,0.265937055,-0.127100164,pect,Swimming,Polyp
Polyp011_tr13_,Polyp011,tr13,0.171641187,0.054041558,pect,Swimming,Polyp
Polyp011_tr14_,Polyp011,tr14,0.221997797,-0.10713184,pect,Swimming,Polyp
Polyp012_tr11_,Polyp012,tr11,0.151887407,0.056155556,pect,Swimming,Polyp
Polyp012_tr20_,Polyp012,tr20,0.183764706,-0.036752941,pect,Swimming,Polyp
Polyp014_tr01_,Polyp014,tr01,0.112385915,-0.104329577,pect,Swimming,Polyp
Polyp014_tr03_,Polyp014,tr03,0.196787149,-0.008032129,pect,Swimming,Polyp
Polyp014_tr05_,Polyp014,tr05,0.180220848,-0.094956638,pect,Swimming,Polyp
Polyp023_tr01_,Polyp023,tr01,0.248671321,-0.196914485,pect,Swimming,Polyp
Polyp023_tr03_,Polyp023,tr03,0.108395604,0.04014652,pect,Swimming,Polyp
Polyp023_tr03_,Polyp023,tr03,0.184159629,0.105577726,pect,Swimming,Polyp
Polyp023_tr04_,Polyp023,tr04,0.258008366,-0.209041184,pect,Swimming,Polyp
Polyp027_tr02_,Polyp027,tr02,0.18118736,-0.049844428,pect,Swimming,Polyp
Polyp027_tr04_,Polyp027,tr04,0.108960573,0.06265233,pect,Swimming,Polyp
Polyp027_tr07_,Polyp027,tr07,0.172699187,0.001606504,pect,Swimming,Polyp
Polyp027_tr20_,Polyp027,tr20,0.106962963,0.000268078,pect,Swimming,Polyp
Polyp2017-011_t,Polyp201,-11,0.225493944,0.182420157,pelv,Walking,Polyp
Polyp2017-011_t,Polyp201,-11,0.221712813,-0.120309278,pelv,Walking,Polyp
Polyp2017-012_t,Polyp201,-12,0.165999624,-0.094153365,pelv,Walking,Polyp
Polyp2017-012_t,Polyp201,-12,0.123564994,-0.006344145,pelv,Walking,Polyp
Polyp2017-014_t,Polyp201,-14,0.144087873,-0.118711202,pelv,Walking,Polyp
Polyp2017-014_t,Polyp201,-14,0.114288318,0.068637827,pelv,Walking,Polyp
Polyp2017-023_t,Polyp201,-23,0.131089357,-0.089070732,pelv,Walking,Polyp
Polyp2017-023_t,Polyp201,-23,0.142533237,-0.11447586,pelv,Walking,Polyp
Polyp2017-027_t,Polyp201,-27,0.164493369,-0.121341194,pelv,Walking,Polyp
Polyp2017-027_t,Polyp201,-27,0.143929755,-0.079923175,pelv,Walking,Polyp
Polyp011_tr04_,Polyp011,tr04,0.155748347,0.013718538,pelv,Swimming,Polyp
Polyp011_tr13_,Polyp011,tr13,0.135638961,-0.01917316,pelv,Swimming,Polyp
Polyp011_tr14_,Polyp011,tr14,0.191109071,-0.037381564,pelv,Swimming,Polyp
Polyp012_tr11_,Polyp012,tr11,0.132585455,0.00722,pelv,Swimming,Polyp
Polyp012_tr20_,Polyp012,tr20,0.150024898,0.069763765,pelv,Swimming,Polyp
Polyp014_tr01_,Polyp014,tr01,0.124067606,-0.106343662,pelv,Swimming,Polyp
Polyp014_tr03_,Polyp014,tr03,0.156511761,-0.013654618,pelv,Swimming,Polyp
Polyp014_tr05_,Polyp014,tr05,0.124023509,0.057679139,pelv,Swimming,Polyp
Polyp023_tr01_,Polyp023,tr01,0.30782199,-0.234122164,pelv,Swimming,Polyp
Polyp023_tr03_,Polyp023,tr03,0.233251282,-0.08029304,pelv,Swimming,Polyp
Polyp023_tr03_,Polyp023,tr03,0.174002784,-0.020937355,pelv,Swimming,Polyp
Polyp023_tr04_,Polyp023,tr04,0.186151652,0.014476977,pelv,Swimming,Polyp
Polyp027_tr02_,Polyp027,tr02,0.160552531,-0.016264689,pelv,Swimming,Polyp
Polyp027_tr04_,Polyp027,tr04,0.114201803,-0.042016726,pelv,Swimming,Polyp
Polyp027_tr07_,Polyp027,tr07,0.143323113,0.010442276,pelv,Swimming,Polyp
Polyp027_tr20_,Polyp027,tr20,0.107853364,-0.071232048,pelv,Swimming,Polyp
Polyp2017-011_t,Polyp201,-11,0.212417907,-0.204867573,tail,Walking,Polyp
Polyp2017-011_t,Polyp201,-11,0.141357326,0.164155326,tail,Walking,Polyp
Polyp2017-012_t,Polyp201,-12,0.133198395,-0.000534836,tail,Walking,Polyp
Polyp2017-012_t,Polyp201,-12,0.145319822,0.042112,tail,Walking,Polyp
Polyp2017-014_t,Polyp201,-14,0.128317061,-0.032975334,tail,Walking,Polyp
Polyp2017-014_t,Polyp201,-14,0.110881477,0.068537626,tail,Walking,Polyp
Polyp2017-023_t,Polyp201,-23,0.101208724,-0.0192894,tail,Walking,Polyp
Polyp2017-023_t,Polyp201,-23,0.117616996,-0.030261885,tail,Walking,Polyp
Polyp2017-027_t,Polyp201,-27,0.164420477,-0.001870899,tail,Walking,Polyp
Polyp2017-027_t,Polyp201,-27,0.219378231,-0.115130612,tail,Walking,Polyp
Polyp011_tr04_,Polyp011,tr04,0.117116088,-0.003329896,tail,Swimming,Polyp
Polyp011_tr13_,Polyp011,tr13,0.128731759,-0.121727273,tail,Swimming,Polyp
Polyp011_tr14_,Polyp011,tr14,0.194498715,-0.075192802,tail,Swimming,Polyp
Polyp012_tr11_,Polyp012,tr11,0.117744343,0.03923596,tail,Swimming,Polyp
Polyp012_tr20_,Polyp012,tr20,0.130305882,0.110076578,tail,Swimming,Polyp
Polyp014_tr01_,Polyp014,tr01,0.130109859,-0.02215493,tail,Swimming,Polyp
Polyp014_tr03_,Polyp014,tr03,0.123207114,0.021801492,tail,Swimming,Polyp
Polyp014_tr05_,Polyp014,tr05,0.110685755,0.054905715,tail,Swimming,Polyp
Polyp023_tr01_,Polyp023,tr01,0.231136009,-0.152153965,tail,Swimming,Polyp
Polyp023_tr03_,Polyp023,tr03,0.206754579,-0.042153846,tail,Swimming,Polyp
Polyp023_tr03_,Polyp023,tr03,0.149412529,0.034212529,tail,Swimming,Polyp
Polyp023_tr04_,Polyp023,tr04,0.161307944,-0.144542998,tail,Swimming,Polyp
Polyp027_tr02_,Polyp027,tr02,0.166969284,-0.078649796,tail,Swimming,Polyp
Polyp027_tr04_,Polyp027,tr04,0.114761377,-0.052721625,tail,Swimming,Polyp
Polyp027_tr07_,Polyp027,tr07,0.151814634,-0.04337561,tail,Swimming,Polyp
Polyp027_tr20_,Polyp027,tr20,0.10903099,0.013135802,tail,Swimming,Polyp
